n_mutation,mutation,type,value,stdev,replicate,date
0,WT,BRET0,0.05126,0.002104,1,25-04-2021
1,T253A,BRET0,0.05581,0.002148,1,25-04-2021
2,T256A,BRET0,0.06933,0.002519,1,25-04-2021
3,Y278A,BRET0,0.06998,0.002799,1,25-04-2021
4,F319A,BRET0,0.05647,0.001548,1,25-04-2021
6,M327A,BRET0,0.06834,0.002027,1,25-04-2021
7,W333A,BRET0,0.06154,0.001507,1,25-04-2021
8,V334A,BRET0,0.06283,0.00135,1,25-04-2021
10,L342A,BRET0,0.07319,0.002309,1,25-04-2021
11,F360A,BRET0,0.0752,0.002635,1,25-04-2021
12,V392A,BRET0,0.06145,0.00149,1,25-04-2021
15,L405A,BRET0,0.07524,0.002495,1,25-04-2021
17,G415A,BRET0,0.06322,0.00184,1,25-04-2021
18,L419A,BRET0,0.05291,0.002221,1,25-04-2021
19,G422A,BRET0,0.05757,0.002079,1,25-04-2021
20,M447A,BRET0,0.05379,0.002205,1,25-04-2021
21,R449A,BRET0,0.05628,0.002076,1,25-04-2021
22,G451A,BRET0,0.05601,0.001471,1,25-04-2021
23,Y468A,BRET0,0.06217,0.001386,1,25-04-2021
24,L469A,BRET0,0.05297,0.001449,1,25-04-2021
25,Y470A,BRET0,0.1061,0.002596,1,25-04-2021
26,W478A,BRET0,0.07713,0.001938,1,25-04-2021
28,M509A,BRET0,0.04999,0.001586,1,25-04-2021
29,W520A,BRET0,0.0538,0.002279,1,25-04-2021
30,W530A,BRET0,0.06477,0.002604,1,25-04-2021
31,Y266A,BRET0,0.05601,0.002404,1,25-04-2021
32,C277A,BRET0,0.07987,0.002481,1,25-04-2021
