n_mutation,mutation,type,value,replicate,date
0,WT,BRET50,497.5,1,02-23-2022
1,T253A,BRET50,2766,1,02-23-2022
2,T256A,BRET50,1966,1,02-23-2022
3,Y278A,BRET50,517.9,1,02-23-2022
4,F319A,BRET50,365,1,03-25-2022
6,M327A,BRET50,1166,1,02-23-2022
7,W333A,BRET50,489.6,1,02-23-2022
8,V334A,BRET50,258.9,1,02-23-2022
10,L342A,BRET50,910,1,02-23-2022
11,F360A,BRET50,1954,1,02-23-2022
12,V392A,BRET50,477.1,1,02-23-2022
15,L405A,BRET50,454.3,1,02-25-2022
17,G415A,BRET50,311.6,1,02-25-2022
18,L419A,BRET50,215.6,1,02-25-2022
19,G422A,BRET50,228.9,1,02-25-2022
20,M447A,BRET50,1265,1,03-23-2022
21,R449A,BRET50,9388,1,02-25-2022
22,G451A,BRET50,395.2,1,02-25-2022
23,Y468A,BRET50,345.4,1,02-25-2022
24,L469A,BRET50,529.3,1,02-25-2022
25,Y470A,BRET50,1208,1,03-23-2022
26,W478A,BRET50,408.7,1,02-25-2022
28,M509A,BRET50,158.6,1,03-02-2022
29,W520A,BRET50,1726,1,03-02-2022
30,W530A,BRET50,696.3,1,03-02-2022
31,Y266A,BRET50,2414,1,03-02-2022
32,C277A,BRET50,534.8,1,03-02-2022
0,WT,BRET50,410.6,2,03-02-2022
1,T253A,BRET50,1380,2,03-23-2022
2,T256A,BRET50,775,2,03-09-2022
3,Y278A,BRET50,524.4,2,03-09-2022
4,F319A,BRET50,317.7,2,03-09-2022
6,M327A,BRET50,1494,2,03-17-2022
7,W333A,BRET50,348.9,2,03-11-2022
8,V334A,BRET50,274.7,2,03-09-2022
10,L342A,BRET50,513.2,2,03-18-2022
11,F360A,BRET50,835.5,2,03-09-2022
12,V392A,BRET50,170.5,2,02-25-2022
15,L405A,BRET50,643.6,2,03-09-2022
17,G415A,BRET50,250.8,2,03-11-2022
18,L419A,BRET50,194.5,2,03-10-2022
19,G422A,BRET50,193.1,2,03-10-2022
20,M447A,BRET50,1328,2,03-10-2022
21,R449A,BRET50,19286,2,03-10-2022
22,G451A,BRET50,129.6,2,03-10-2022
23,Y468A,BRET50,202.4,2,03-10-2022
24,L469A,BRET50,534.5,2,03-10-2022
25,Y470A,BRET50,802.4,2,03-10-2022
26,W478A,BRET50,476.5,2,03-10-2022
28,M509A,BRET50,225.3,2,03-10-2022
29,W520A,BRET50,3549,2,03-17-2022
30,W530A,BRET50,956,2,03-11-2022
31,Y266A,BRET50,1807,2,03-11-2022
32,C277A,BRET50,532.7,2,03-25-2022
0,WT,BRET50,292.4,3,03-11-2022
1,T253A,BRET50,1163,3,03-11-2022
2,T256A,BRET50,1648,3,03-23-2022
3,Y278A,BRET50,367.1,3,03-11-2022
4,F319A,BRET50,291.6,3,03-11-2022
6,M327A,BRET50,702.3,3,03-23-2022
7,W333A,BRET50,400,3,03-18-2022
8,V334A,BRET50,412.4,3,03-18-2022
10,L342A,BRET50,657.2,3,03-25-2022
11,F360A,BRET50,977.8,3,03-18-2022
12,V392A,BRET50,466.7,3,03-09-2022
15,L405A,BRET50,506.6,3,03-18-2022
17,G415A,BRET50,567.5,3,03-17-2022
18,L419A,BRET50,484.5,3,03-17-2022
19,G422A,BRET50,322.3,3,03-17-2022
20,M447A,BRET50,2301,3,03-17-2022
21,R449A,BRET50,11869,3,03-18-2022
22,G451A,BRET50,385.7,3,03-23-2022
23,Y468A,BRET50,472.4,3,03-18-2022
24,L469A,BRET50,505.6,3,03-17-2022
25,Y470A,BRET50,2174,3,03-17-2022
26,W478A,BRET50,726.7,3,03-23-2022
28,M509A,BRET50,103.9,3,03-25-2022
29,W520A,BRET50,2996,3,03-18-2022
30,W530A,BRET50,907.3,3,03-18-2022
31,Y266A,BRET50,3349,3,03-18-2022
32,C277A,BRET50,1038,3,03-18-2022
0,WT,BRETmax,0.2306,1,02-23-2022
1,T253A,BRETmax,0.2228,1,02-23-2022
2,T256A,BRETmax,0.1973,1,02-23-2022
3,Y278A,BRETmax,0.1432,1,02-23-2022
4,F319A,BRETmax,0.1922,1,03-25-2022
6,M327A,BRETmax,0.1727,1,02-23-2022
7,W333A,BRETmax,0.2145,1,02-23-2022
8,V334A,BRETmax,0.1971,1,02-23-2022
10,L342A,BRETmax,0.1714,1,02-23-2022
11,F360A,BRETmax,0.1484,1,02-23-2022
12,V392A,BRETmax,0.2034,1,02-23-2022
15,L405A,BRETmax,0.1577,1,02-25-2022
17,G415A,BRETmax,0.2242,1,02-25-2022
18,L419A,BRETmax,0.2412,1,02-25-2022
19,G422A,BRETmax,0.2698,1,02-25-2022
20,M447A,BRETmax,0.2146,1,03-23-2022
21,R449A,BRETmax,0.1405,1,02-25-2022
22,G451A,BRETmax,0.2424,1,02-25-2022
23,Y468A,BRETmax,0.2081,1,02-25-2022
24,L469A,BRETmax,0.243,1,02-25-2022
25,Y470A,BRETmax,0.1149,1,03-23-2022
26,W478A,BRETmax,0.1561,1,02-25-2022
28,M509A,BRETmax,0.2202,1,03-02-2022
29,W520A,BRETmax,0.1807,1,03-02-2022
30,W530A,BRETmax,0.1693,1,03-02-2022
31,Y266A,BRETmax,0.1539,1,03-02-2022
32,C277A,BRETmax,0.1202,1,03-02-2022
0,WT,BRETmax,0.2243,2,03-02-2022
1,T253A,BRETmax,0.2131,2,03-23-2022
2,T256A,BRETmax,0.1865,2,03-09-2022
3,Y278A,BRETmax,0.1485,2,03-09-2022
4,F319A,BRETmax,0.191,2,03-09-2022
6,M327A,BRETmax,0.1647,2,03-17-2022
7,W333A,BRETmax,0.2063,2,03-11-2022
8,V334A,BRETmax,0.1974,2,03-09-2022
10,L342A,BRETmax,0.1716,2,03-18-2022
11,F360A,BRETmax,0.1254,2,03-09-2022
12,V392A,BRETmax,0.1889,2,02-25-2022
15,L405A,BRETmax,0.1486,2,03-09-2022
17,G415A,BRETmax,0.1995,2,03-11-2022
18,L419A,BRETmax,0.228,2,03-10-2022
19,G422A,BRETmax,0.2362,2,03-10-2022
20,M447A,BRETmax,0.1986,2,03-10-2022
21,R449A,BRETmax,0.1424,2,03-10-2022
22,G451A,BRETmax,0.2162,2,03-10-2022
23,Y468A,BRETmax,0.1746,2,03-10-2022
24,L469A,BRETmax,0.2133,2,03-10-2022
25,Y470A,BRETmax,0.1324,2,03-10-2022
26,W478A,BRETmax,0.1345,2,03-10-2022
28,M509A,BRETmax,0.2166,2,03-10-2022
29,W520A,BRETmax,0.1742,2,03-17-2022
30,W530A,BRETmax,0.1963,2,03-11-2022
31,Y266A,BRETmax,0.1897,2,03-11-2022
32,C277A,BRETmax,0.1216,2,03-25-2022
0,WT,BRETmax,0.2228,3,03-11-2022
1,T253A,BRETmax,0.2126,3,03-11-2022
2,T256A,BRETmax,0.1757,3,03-23-2022
3,Y278A,BRETmax,0.1419,3,03-11-2022
4,F319A,BRETmax,0.1899,3,03-11-2022
6,M327A,BRETmax,0.1512,3,03-23-2022
7,W333A,BRETmax,0.2325,3,03-18-2022
8,V334A,BRETmax,0.2164,3,03-18-2022
10,L342A,BRETmax,0.1876,3,03-25-2022
11,F360A,BRETmax,0.1406,3,03-18-2022
12,V392A,BRETmax,0.1817,3,03-09-2022
15,L405A,BRETmax,0.167,3,03-18-2022
17,G415A,BRETmax,0.213,3,03-17-2022
18,L419A,BRETmax,0.246,3,03-17-2022
19,G422A,BRETmax,0.2515,3,03-17-2022
20,M447A,BRETmax,0.2148,3,03-17-2022
21,R449A,BRETmax,0.1642,3,03-18-2022
22,G451A,BRETmax,0.2219,3,03-23-2022
23,Y468A,BRETmax,0.2073,3,03-18-2022
24,L469A,BRETmax,0.2177,3,03-17-2022
25,Y470A,BRETmax,0.1443,3,03-17-2022
26,W478A,BRETmax,0.1388,3,03-23-2022
28,M509A,BRETmax,0.2156,3,03-25-2022
29,W520A,BRETmax,0.218,3,03-18-2022
30,W530A,BRETmax,0.1994,3,03-18-2022
31,Y266A,BRETmax,0.1802,3,03-18-2022
32,C277A,BRETmax,0.1154,3,03-18-2022
