mutation,rel_intensity
0-WT,100
1-T253A,25.53
2-T256A,29.6
3-Y278A,101.4
4-F319A,101.6
6-M327A,70.71
7-W333A,47.02
8-V334A,67.11
10-L342A,86.87
11-F360A,54.11
12-V392A,50.73
13-F403A,83.07
14-V404A,79.2
15-L405A,57.26
17-G415A,91.03
18-L419A,35.55
19-G422A,62.15
20-M447A,27.29
21-R449A,0.3572
22-G451A,74.17
23-Y468A,87.7
24-L469A,112.5
25-Y470A,76.38
26-W478A,52.9
28-M509A,4.712
29-W520A,7.299
30-W530A,29.72
0-WT,100
1-T253A,20.69
2-T256A,33.68
3-Y278A,123.7
4-F319A,65.75
6-M327A,62.34
7-W333A,60.29
8-V334A,93.58
10-L342A,65.61
11-F360A,65.54
12-V392A,59.35
13-F403A,142.5
14-V404A,74.96
15-L405A,76.45
17-G415A,78.97
18-L419A,31.01
19-G422A,20.52
20-M447A,12.52
21-R449A,0.2866
22-G451A,36.82
23-Y468A,36.17
24-L469A,24.14
25-Y470A,39.86
26-W478A,30.41
28-M509A,29.28
29-W520A,11.64
30-W530A,31.13
0-WT,100
1-T253A,44.02
2-T256A,27.19
3-Y278A,99.45
4-F319A,94.76
6-M327A,93.75
7-W333A,77.68
8-V334A,152
10-L342A,112.7
11-F360A,71.16
12-V392A,91.24
13-F403A,77.52
14-V404A,64.15
15-L405A,114.2
17-G415A,125.3
18-L419A,136.5
19-G422A,109.2
20-M447A,44.23
21-R449A,-10.21
22-G451A,89.39
23-Y468A,71.11
24-L469A,62.5
25-Y470A,102.2
26-W478A,41.13
28-M509A,90.48
29-W520A,38.73
30-W530A,52.67
